{
  "NACA 1409": 86.25724217844727,
  "NACA 6106": 101.52323580034422,
  "NACA 2216": 126.24,
  "NACA 3912": 208.15864022662888,
  "NACA 8215": 177.06601466992663,
  "NACA 1117": 101.10419906687403,
  "NACA 8114": 52.37423728813559,
  "NACA 4409": 193.66425992779784,
  "NACA 3815": 54.15767634854772,
  "NACA 4118": 173.6626916524702,
  "NACA 4309": 151.06351550960116,
  "NACA 5518": 55.32500000000002,
  "NACA 1707": 76.79500520291363,
  "NACA 2711": 117.82278481012656,
  "NACA 5207": 131.15107913669067,
  "NACA 6211": 178.82947976878614,
  "NACA 0814": 78.22033898305084,
  "NACA 8516": 86.84422110552765,
  "NACA 9615": 97.9113300492611,
  "NACA 3206": 108.92156862745098,
  "NACA 3210": 113.0188679245283,
  "NACA 9217": 207.12962962962965,
  "NACA 6218": 245.727969348659,
  "NACA 4306": 104.08141962421712,
  "NACA 5107": 89.20965058236274,
  "NACA 5308": 153.7142857142857,
  "NACA 1909": 89.86486486486487,
  "NACA 3218": 152.99829642248721,
  "NACA 5114": 132.64462809917356,
  "NACA 8218": 210.2836879432624,
  "NACA 7913": 79.27806563039724,
  "NACA 9218": 218.98891966759004,
  "NACA 4906": 95.00280741156654,
  "NACA 6217": 233.92660550458714,
  "NACA 2918": 199.12106135986735,
  "NACA 4418": 215.06666666666666,
  "NACA 7117": 62.61709401709402,
  "NACA 6208": 152.5251256281407,
  "NACA 8918": 41.321033210332104,
  "NACA 5318": 242.46435845213847,
  "NACA 4417": 229.6218487394958,
  "NACA 7417": 70.98122065727699,
  "NACA 6318": 55.89006342494716,
  "NACA 6317": 58.45851528384279,
  "NACA 7218": 54.80311890838207,
  "NACA 7118": 188.32417582417582,
  "NACA 6115": 158.01517067003792,
  "NACA 5218": 189.27330173775673,
  "NACA 5217": 205.16014234875445,
  "NACA 5116": 143.13924050632912,
  "NACA 5317": 233.36614173228344,
  "NACA 7316": 59.975051975051976,
  "NACA 7116": 182.8477690288714,
  "NACA 7216": 52.174721189591075,
  "NACA 7318": 66.59276018099547,
  "NACA 5118": 151.22503328894805,
  "NACA 7317": 61.8127659574468,
  "NACA 2412": 118.72011251758087
}