{
  "NACA 1409": 86.25724217844727,
  "NACA 6106": 101.52323580034422,
  "NACA 2216": 126.24,
  "NACA 3912": 208.15864022662888,
  "NACA 8215": 177.06601466992663,
  "NACA 1117": 101.10419906687403,
  "NACA 8114": 52.37423728813559,
  "NACA 4409": 193.66425992779784,
  "NACA 3815": 54.15767634854772,
  "NACA 4118": 173.6626916524702,
  "NACA 4309": 151.06351550960116,
  "NACA 5518": 55.32500000000002,
  "NACA 1707": 76.79500520291363,
  "NACA 2711": 117.82278481012656,
  "NACA 5207": 131.15107913669067,
  "NACA 6211": 178.82947976878614,
  "NACA 0814": 78.22033898305084,
  "NACA 8516": 86.84422110552765,
  "NACA 9615": 97.9113300492611,
  "NACA 3206": 108.92156862745098,
  "NACA 3210": 113.0188679245283,
  "NACA 9217": 207.12962962962965,
  "NACA 6218": 245.727969348659,
  "NACA 4306": 104.08141962421712,
  "NACA 5107": 89.20965058236274,
  "NACA 5308": 153.7142857142857,
  "NACA 1909": 89.86486486486487,
  "NACA 3218": 152.99829642248721,
  "NACA 5114": 132.64462809917356,
  "NACA 8218": 210.2836879432624,
  "NACA 7913": 79.27806563039724,
  "NACA 9218": 218.98891966759004,
  "NACA 4906": 95.00280741156654,
  "NACA 6217": 233.92660550458714,
  "NACA 2918": 199.12106135986735,
  "NACA 4418": 215.06666666666666,
  "NACA 7117": 62.61709401709402,
  "NACA 6208": 152.5251256281407,
  "NACA 8918": 41.321033210332104,
  "NACA 5318": 242.46435845213847,
  "NACA 4417": 229.6218487394958,
  "NACA 7417": 70.98122065727699,
  "NACA 6318": 55.89006342494716,
  "NACA 6317": 58.45851528384279,
  "NACA 7218": 54.80311890838207,
  "NACA 7118": 188.32417582417582,
  "NACA 6115": 158.01517067003792,
  "NACA 5218": 189.27330173775673,
  "NACA 5217": 205.16014234875445,
  "NACA 5116": 143.13924050632912,
  "NACA 5317": 233.36614173228344,
  "NACA 7316": 59.975051975051976,
  "NACA 7116": 182.8477690288714,
  "NACA 7216": 52.174721189591075,
  "NACA 7318": 66.59276018099547,
  "NACA 5118": 151.22503328894805,
  "NACA 7317": 61.8127659574468,
  "NACA 2412": 118.72011251758087,
  "NACA 3507": 104.58926615553122,
  "NACA 3212": 115.72528883183568,
  "NACA 4816": 59.073558648111344,
  "NACA 5416": 57.17321016166283,
  "NACA 4215": 159.75039001560063,
  "NACA 3313": 141.0773899848255,
  "NACA 5311": 182.0727848101266,
  "NACA 2917": 201.12227805695144,
  "NACA 6516": 74.58397932816538,
  "NACA 8416": 75.04347826086956,
  "NACA 2117": 113.56508875739645,
  "NACA 2912": 138.07185628742516,
  "NACA 5106": 32.25819397993312,
  "NACA 8212": 155.1304347826087,
  "NACA 4403": 70.3657780533168,
  "NACA 3312": 135.40500736377024,
  "NACA 6118": 176.0748959778086,
  "NACA 5313": 204.1258741258741,
  "NACA 5411": 230.71153846153848,
  "NACA 1211": 109.2836676217765,
  "NACA 4111": 122.10332103321034,
  "NACA 7411": 50.80419580419581,
  "NACA 6116": 150.01231527093594,
  "NACA 3107": 83.6786060019361,
  "NACA 5109": 84.82899022801304,
  "NACA 7418": 73.35265700483093,
  "NACA 4712": 204.913112164297,
  "NACA 2114": 100.77873918417801,
  "NACA 3311": 133.12046444121916,
  "NACA 7510": 64.54968287526428,
  "NACA 3410": 185.47892720306513,
  "NACA 5215": 188.3774834437086,
  "NACA 8915": 100.80799999999999,
  "NACA 0415": 87.39457831325302,
  "NACA 7209": 174.9214659685864,
  "NACA 4818": 56.71538461538462,
  "NACA 8414": 67.30271398747391,
  "NACA 1709": 83.34836527621195,
  "NACA 4307": 142.53878702397742,
  "NACA 7410": 244.24703891708967,
  "NACA 5117": 157.48641304347825,
  "NACA 5915": 59.45929339477726,
  "NACA 5913": 60.1848998459168,
  "NACA 6918": 133.48717948717947,
  "NACA 4415": 231.9661733615222,
  "NACA 3412": 159.9492385786802,
  "NACA 5306": 151.6689466484268,
  "NACA 6406": 136.55209452201933,
  "NACA 3219": 157.09059233449474,
  "NACA 5312": 190.0,
  "NACA 5112": 102.4927536231884,
  "NACA 3609": 139.08967391304347,
  "NACA 5303": 87.375,
  "NACA 7909": 61.362279511533245,
  "NACA 7702": 154.03028953229398,
  "NACA 3216": 155.79124579124579,
  "NACA 4419": 221.13095238095238,
  "NACA 5418": 55.44594594594595,
  "NACA 3418": 180.74906367041197,
  "NACA 3415": 173.2972972972973,
  "NACA 5711": 248.91485809682808,
  "NACA 6214": 208.89072847682118,
  "NACA 6609": 173.0274135876043,
  "NACA 6417": 66.57004830917874,
  "NACA 7211": 197.89473684210526,
  "NACA 5210": 154.52282157676348,
  "NACA 2414": 131.66666666666666,
  "NACA 6307": 159.03225806451613,
  "NACA 6712": 60.3448275862069,
  "NACA 4717": 59.52505446623094,
  "NACA 5413": 237.62745098039213,
  "NACA 8613": 83.22727272727273,
  "NACA 7201": 88.95670688431512,
  "NACA 7512": 71.7824074074074,
  "NACA 4211": 141.020979020979,
  "NACA 4412": 206.3097514340344,
  "NACA 7210": 184.69050894085282,
  "NACA 6410": 240.20000000000002,
  "NACA 4416": 227.8288100208768,
  "NACA 8118": 58.2023346303502,
  "NACA 7718": 102.23592493297588,
  "NACA 6212": 191.51840490797545,
  "NACA 5806": 105.29451591062964,
  "NACA 7414": 63.07430997876859,
  "NACA 6912": 76.25352112676056,
  "NACA 4513": 236.09603340292276,
  "NACA 4213": 148.82697947214075,
  "NACA 3910": 160.62571103526736,
  "NACA 6717": 68.29856850715747,
  "NACA 4609": 160.49113233287858,
  "NACA 5211": 162.26878612716763,
  "NACA 7812": 55.54405594405595,
  "NACA 6215": 225.02645502645504,
  "NACA 4216": 142.09424083769633,
  "NACA 3813": 160.18641810918774,
  "NACA 6113": 124.84942886812046,
  "NACA 3614": 198.14126394052045,
  "NACA 5513": 58.77241379310345,
  "NACA 5515": 62.376811594202906,
  "NACA 3610": 158.39506172839506,
  "NACA 6814": 94.01937046004844,
  "NACA 6810": 215.91961023142508,
  "NACA 5614": 53.005780346820806,
  "NACA 4713": 235.6049822064057,
  "NACA 6911": 64.33687405159331,
  "NACA 6611": 53.09154929577465,
  "NACA 5410": 207.82837127845886,
  "NACA 4912": 228.49056603773585,
  "NACA 5909": 207.819209039548,
  "NACA 8508": 53.52709359605912,
  "NACA 4909": 191.89917936694022,
  "NACA 9510": 71.65130260521043,
  "NACA 5113": 111.66150670794633,
  "NACA 6710": 184.01880141010577,
  "NACA 4610": 190.1442307692308,
  "NACA 6718": 67.44354838709678,
  "NACA 5914": 60.0,
  "NACA 3914": 202.22222222222223,
  "NACA 6711": 51.21316614420063,
  "NACA 6614": 54.30127041742287,
  "NACA 6418": 68.00977995110024,
  "NACA 4510": 217.447619047619,
  "NACA 5213": 177.17628705148206,
  "NACA 3211": 113.75949367088607,
  "NACA 2709": 104.99440089585666,
  "NACA 6210": 172.1368715083799,
  "NACA 2615": 192.71221532091096,
  "NACA 5412": 228.67424242424244,
  "NACA 8618": 78.42978723404255,
  "NACA 4918": 63.202872531418315,
  "NACA 4212": 145.45977011494253,
  "NACA 4413": 214.47524752475246,
  "NACA 6709": 167.60000000000002
}