generation,best_LD
0,208.15864022662888
1,208.15864022662888
2,208.15864022662888
3,208.15864022662888
4,208.15864022662888
