generation,best_LD
0,201.12227805695144
1,204.1258741258741
2,233.92660550458714
3,230.71153846153848
4,229.6218487394958
5,244.24703891708967
6,244.24703891708967
7,244.24703891708967
8,231.9661733615222
9,248.91485809682808
10,237.62745098039213
11,245.727969348659
12,228.49056603773585
13,228.49056603773585
14,248.91485809682808
